YearsExperience,Salary
14.6,71213.02
17.6,85202.16
15.3,76013.54
5.3,54766.27
16.8,73600.32
20.7,74564.34
13.1,63515.24
5.7,42486.83
13.6,75629.86
7.1,8980.15
18.8,87517.51
9.8,48512.93
9.4,52837.46
1.9,39699.87
23.4,93454.1
1.1,28603.41
13.3,64196.26
15.9,78174.2
1.6,43987.99
3.2,44667.61
1.8,47545.8
13.0,72145.1
4.0,47956.7
23.2,
12.6,55499.4
7.3,51293.72
12.9,57492.52
20.1,90186.16
5.6,48717.26
14.8,65135.79
16.1,68987.11
1.3,31695.12
11.8,61062.76
12.3,69882.31
9.0,75751.26
22.3,87273.99
1.9,43794.71
19.4,96804.29
6.3,52365.08
23.5,87915.26
3.0,42984.05
21.1,109621.95
9.1,49348.0
15.9,65896.34
3.0,42256.86
,26310.21
24.1,95906.17
14.4,64477.24
6.1,37906.21
22.6,101803.68
19.2,79703.39
20.3,86514.94
8.0,52035.51
23.5,88516.67
1.8,53484.6
23.5,99957.39
21.8,106277.57
24.1,92366.95
19.4,73218.49
20.2,86766.72
11.6,82674.35
13.0,71852.73
9.7,12028.04
12.3,64560.58
2.3,37013.0
15.2,73022.56
19.8,87187.6
3.0,39185.23
16.5,59558.38
19.9,90407.84
8.3,48918.85
2.1,48575.22
1.8,20212.82
0.6,42465.48
1.0,35555.08
24.2,101662.84
15.2,84937.36
7.3,51412.49
10.0,59462.09
4.3,42862.09
22.7,91732.9
23.5,82137.87
15.7,76344.83
2.4,29744.15
9.3,64664.64
7.0,64710.26
2.2,19654.94
13.6,56939.89
18.3,88842.97
1.1,22730.15
4.9,36110.19
22.3,112009.27
24.8,98869.41
2.5,40934.85
17.7,95197.82
18.9,91464.25
13.5,73532.14
14.3,70378.7
22.6,84728.29
,95330.57
14.0,12220.294000000002
5.0,31704.25
16.1,64732.73
2.9,40540.19
20.2,81781.66
15.9,77722.58
11.7,65865.52
18.2,74599.98
21.3,
24.2,110899.85
20.4,96206.98
9.0,65385.79
4.5,29972.33
10.5,59070.93
22.3,106674.93
15.8,81747.68
0.9,19289.93
15.0,67290.86
18.8,76594.09
8.1,58130.5
2.3,46430.48
20.9,87225.76
14.2,59824.36
0.6,25728.53
17.5,90342.62
3.1,30823.29
24.1,89356.56
12.4,70150.8
21.9,106207.76
15.8,83467.13
0.2,26822.53
2.9,36343.08
14.8,74127.53
18.7,93099.5
1.1,19550.61
0.4,17542.25
8.4,65691.6
4.9,43005.84
10.7,64914.27
20.7,83900.69
3.0,37991.63
4.0,39762.78
,49568.35
22.9,94486.31
16.1,71267.33
15.2,72140.86
13.2,73710.79
12.8,71795.44
24.4,107584.28
13.1,53739.73
3.9,28497.56
8.2,49308.32
24.1,92859.61
6.3,48009.44
2.8,37388.11
11.0,72482.96
11.5,57185.56
15.8,77316.25
8.1,59734.83
23.9,98528.71
16.1,87928.55
9.7,59416.75
15.6,79690.93
7.0,43819.98
20.9,84336.82
13.9,67111.25
13.7,64949.17
15.6,63825.31
3.4,36361.86
17.7,75872.94
22.4,
23.3,84470.26
24.3,83585.69
17.6,70321.68
17.5,73434.92
3.5,31978.89
1.4,32534.14
2.4,34620.57
9.7,46213.71
16.4,69842.59
2.7,26174.37
16.2,71150.08
1.3,28388.82
4.6,38043.32
13.4,62672.35
2.3,45310.79
7.8,49664.52
18.2,68950.9
2.4,44609.62
15.8,81734.88
18.4,87116.99
8.9,55831.91
12.8,69002.13
20.4,77499.28
12.8,61204.67
22.7,93465.87
16.3,72082.94
7.9,41823.91
7.6,51338.91
11.0,63337.06
17.8,82417.14
22.2,105264.63
22.2,18742.346
24.1,84350.97
8.5,56440.06
7.9,65502.05
14.3,67938.34
16.1,77480.29
16.9,73528.66
10.7,58708.83
19.0,94845.92
19.3,83200.89
8.4,59644.16
22.3,90260.56
24.4,103662.77
0.5,32754.22
2.3,22327.47
4.3,37806.05
12.6,67267.78
16.5,89432.35
6.9,49285.3
14.4,74231.35
10.8,56635.63
9.7,54463.29
7.1,54801.68
15.3,64288.74
23.0,94269.64
14.5,80448.29
12.4,57452.56
9.7,58666.03
24.1,114080.23
2.8,29878.46
6.4,48203.26
22.7,86695.31
16.6,79114.42
4.4,38308.02
20.6,95067.47
1.7,55914.35
13.1,57524.61
10.7,61555.58
18.1,84343.39
21.5,93130.48
10.6,67570.12
24.6,105681.07
8.0,52648.42
20.2,75506.03
24.7,94881.89
11.8,65923.68
,27700.68
5.7,58200.86
9.0,54193.98
19.3,82944.36
6.8,41475.39
21.4,79096.76
9.4,51797.12
10.7,59495.64
24.2,92948.87
8.5,55277.86
22.5,86694.68
19.7,81443.28
22.8,92771.96
,44815.29
11.4,67617.82
17.9,94060.07
3.6,42145.82
18.2,77938.66
20.5,85349.45
24.7,113808.41
15.5,75199.59
23.4,105180.81
2.1,31749.17
0.6,30860.56
9.2,67708.46
21.4,97815.82
14.0,78246.0
24.7,92739.1
7.6,49331.25
9.2,60361.4
24.2,108724.67
7.1,55047.57
4.1,9904.074
21.5,82990.63
17.4,92938.01
17.7,75811.68
14.6,66587.84
17.3,85334.64
12.6,70990.73
13.7,66252.37
0.2,25872.48
7.5,43826.95
23.8,95768.71
21.7,105284.0
4.2,
2.5,41001.0
1.2,35682.6
15.0,81513.57
16.8,81287.92
12.9,76217.83
17.4,76639.99
7.0,49163.98
13.9,82328.26
21.7,100314.07
12.2,59646.56
13.7,80288.58
0.1,38654.63
13.6,65013.6
23.8,111559.37
7.3,51025.18
18.5,
13.9,64445.43
2.9,37669.52
12.3,56921.37
18.7,77121.22
11.4,57755.08
10.2,52991.96
20.1,75068.5
16.6,60062.7
15.8,72637.05
20.1,81743.93
4.7,47563.66
7.2,38797.79
1.9,36894.96
23.8,96263.79
8.9,46499.02
22.6,96852.14
20.2,73916.63
19.9,86511.95
5.4,49022.47
20.4,89820.97
11.9,64559.09
19.5,86577.05
0.3,21812.98
22.4,85814.46
5.6,57015.74
2.5,45602.43
8.1,57534.44
16.2,95087.12
5.9,26861.47
8.1,34347.46
6.1,46634.6
3.5,
18.9,84251.64
23.8,96769.05
19.3,78391.12
24.8,93518.26
8.0,53304.37
15.9,85564.02
13.1,63515.24
23.1,79762.22
6.2,59290.01
2.1,37718.77
4.6,43532.57
15.7,69010.26
3.9,134564.91
13.1,67108.79
4.9,37343.21
8.0,55840.42
8.8,50487.71
10.3,59345.75
23.6,82648.44
22.4,94348.13
24.3,100350.49
17.8,85908.45
2.3,38402.11
9.3,53690.67
13.7,58202.43
9.4,35083.05
1.2,27263.64
14.8,68067.49
8.5,37569.65
0.8,27027.46
22.4,110963.26
4.0,37176.43
8.1,56971.09
22.3,97443.47
19.0,90422.79
22.2,93550.98
17.1,83412.95
8.0,61796.86
4.4,50201.2
13.0,61014.35
0.9,15928.84
1.0,19169.67
5.6,37727.1
11.0,71759.73
5.9,39230.11
22.7,79582.51
14.9,74925.52
13.8,83136.82
2.1,41678.31
1.4,35272.85
18.2,77938.66
20.2,
17.4,87110.27
6.8,46481.89
20.0,85618.64
5.7,48119.12
12.4,66885.18
7.2,41984.63
7.0,63167.02
0.4,28098.65
19.4,89314.28
2.0,47321.49
18.9,75998.31
24.7,90986.95
20.8,87354.67
21.7,92279.74
13.0,72145.1
22.5,86050.12
23.7,88958.18
13.5,63856.95
3.5,38625.53
12.6,64806.34
1.6,29842.54
10.4,63226.11
15.7,90010.7
6.2,
15.8,75213.47
14.6,66940.41
11.6,59850.36
2.8,31056.03
23.7,96962.14
24.8,87381.58
3.9,33733.99
23.8,101956.34
7.3,55368.84
21.2,104460.01
7.0,44104.42
12.3,64560.58
18.8,80192.84
0.7,26857.24
7.0,49884.44
6.6,53799.09
24.2,94250.79
13.2,68562.46
6.0,43692.89
11.4,67086.23
4.3,30862.91
0.9,46632.54
12.3,66267.31
0.5,17735.84
19.9,86556.93
5.0,35628.16
21.3,79259.88
19.0,107886.0
17.4,81378.06
15.6,77590.97
11.2,57262.83
1.8,30378.1
2.6,43890.05
22.5,81200.57
17.4,66696.94
14.6,69486.42
2.4,35376.52
4.7,52675.63
8.7,51122.37
10.8,54143.18
17.6,83776.12
15.4,51475.41
17.1,83059.32
2.1,29091.04
0.3,24191.97
0.8,
9.4,56060.69
6.0,29240.58
9.6,57543.38
23.2,88073.89
20.5,84627.5
21.9,88601.65
3.6,48192.98
0.6,39166.77
18.4,80879.08
22.4,98972.02
6.5,38648.53
20.3,76140.37
,60731.27
1.5,23503.99
7.4,57196.79
2.0,25483.04
18.2,81312.61
9.4,58951.86
8.8,62818.81
10.3,56903.09
21.9,105922.63
15.5,73933.54
1.9,30976.48
1.1,22146.69
4.7,45091.66
9.3,55445.8
16.2,15756.356
0.9,40874.59
24.0,89476.35
15.4,65282.52
0.1,25957.35
9.2,59760.84
18.8,87039.3
16.5,268831.14
9.4,64456.13
12.7,72653.07
0.3,20544.65
